,Img_url,Name
0,https://bugwoodcloud.org/images/768x512/5565667.jpg,0. cannabis aphid (Phorodon cannabis) (Passerini)
1,https://bugwoodcloud.org/images/768x512/5565669.jpg,1. cannabis aphid (Phorodon cannabis) (Passerini)
2,https://bugwoodcloud.org/images/768x512/5565670.jpg,2. cannabis aphid (Phorodon cannabis) (Passerini)
3,https://bugwoodcloud.org/images/768x512/5565672.jpg,3. cannabis aphid (Phorodon cannabis) (Passerini)
4,https://bugwoodcloud.org/images/768x512/5565673.jpg,4. cannabis aphid (Phorodon cannabis) (Passerini)
5,https://bugwoodcloud.org/images/768x512/5556184.jpg,5. cannabis aphid (Phorodon cannabis) (Passerini)
6,https://bugwoodcloud.org/images/768x512/5556185.jpg,6. cannabis aphid (Phorodon cannabis) (Passerini)
7,https://bugwoodcloud.org/images/768x512/5556186.jpg,7. cannabis aphid (Phorodon cannabis) (Passerini)
8,https://bugwoodcloud.org/images/768x512/5556187.jpg,8. cannabis aphid (Phorodon cannabis) (Passerini)
9,https://bugwoodcloud.org/images/768x512/5556188.jpg,9. cannabis aphid (Phorodon cannabis) (Passerini)
10,https://bugwoodcloud.org/images/768x512/5556189.jpg,10. cannabis aphid (Phorodon cannabis) (Passerini)
11,https://bugwoodcloud.org/images/768x512/5556190.jpg,11. cannabis aphid (Phorodon cannabis) (Passerini)
12,https://bugwoodcloud.org/images/768x512/5565652.jpg,12. cannabis aphid (Phorodon cannabis) (Passerini)
13,https://bugwoodcloud.org/images/768x512/5565653.jpg,13. cannabis aphid (Phorodon cannabis) (Passerini)
14,https://bugwoodcloud.org/images/768x512/5565654.jpg,14. cannabis aphid (Phorodon cannabis) (Passerini)
15,https://bugwoodcloud.org/images/768x512/5565655.jpg,15. cannabis aphid (Phorodon cannabis) (Passerini)
16,https://bugwoodcloud.org/images/768x512/5565657.jpg,16. cannabis aphid (Phorodon cannabis) (Passerini)
17,https://bugwoodcloud.org/images/768x512/5565658.jpg,17. cannabis aphid (Phorodon cannabis) (Passerini)
18,https://bugwoodcloud.org/images/768x512/5565659.jpg,18. cannabis aphid (Phorodon cannabis) (Passerini)
19,https://bugwoodcloud.org/images/768x512/5565660.jpg,19. cannabis aphid (Phorodon cannabis) (Passerini)
20,https://bugwoodcloud.org/images/768x512/5565661.jpg,20. cannabis aphid (Phorodon cannabis) (Passerini)
21,https://bugwoodcloud.org/images/768x512/5565662.jpg,21. cannabis aphid (Phorodon cannabis) (Passerini)
22,https://bugwoodcloud.org/images/768x512/5565663.jpg,22. cannabis aphid (Phorodon cannabis) (Passerini)
23,https://bugwoodcloud.org/images/768x512/5565664.jpg,23. cannabis aphid (Phorodon cannabis) (Passerini)
24,https://bugwoodcloud.org/images/768x512/5565665.jpg,24. cannabis aphid (Phorodon cannabis) (Passerini)
25,https://bugwoodcloud.org/images/768x512/5565666.jpg,25. cannabis aphid (Phorodon cannabis) (Passerini)
26,https://bugwoodcloud.org/images/768x512/5565668.jpg,26. cannabis aphid (Phorodon cannabis) (Passerini)
27,https://bugwoodcloud.org/images/768x512/5576293.jpg,27. cannabis aphid (Phorodon cannabis) (Passerini)
28,https://bugwoodcloud.org/images/768x512/5576294.jpg,28. cannabis aphid (Phorodon cannabis) (Passerini)
29,https://bugwoodcloud.org/images/768x512/5576295.jpg,29. cannabis aphid (Phorodon cannabis) (Passerini)
30,https://bugwoodcloud.org/images/768x512/5576297.jpg,30. cannabis aphid (Phorodon cannabis) (Passerini)
31,https://bugwoodcloud.org/images/768x512/5565671.jpg,31. cannabis aphid (Phorodon cannabis) (Passerini)
32,https://bugwoodcloud.org/images/768x512/5576296.jpg,32. cannabis aphid (Phorodon cannabis) (Passerini)
33,https://bugwoodcloud.org/images/768x512/5556164.jpg,33. palestriped flea beetle (Systena blanda) Melsheime
34,https://bugwoodcloud.org/images/768x512/5556165.jpg,34. palestriped flea beetle (Systena blanda) Melsheime
35,https://bugwoodcloud.org/images/768x512/5569058.jpg,35. onion thrips (Thrips tabaci) Lindema
36,https://bugwoodcloud.org/images/768x512/5569059.jpg,36. onion thrips (Thrips tabaci) Lindema
37,https://bugwoodcloud.org/images/768x512/5569060.jpg,37. onion thrips (Thrips tabaci) Lindema
38,https://bugwoodcloud.org/images/768x512/5569061.jpg,38. twospotted spider mite (Tetranychus urticae) Koch
39,https://bugwoodcloud.org/images/768x512/5569062.jpg,39. twospotted spider mite (Tetranychus urticae) Koch
40,https://bugwoodcloud.org/images/768x512/5569207.jpg,40. hemp russet mite (Aculops cannabicola) (Farkas)
41,https://bugwoodcloud.org/images/768x512/5569208.jpg,41. hemp russet mite (Aculops cannabicola) (Farkas)
42,https://bugwoodcloud.org/images/768x512/5574604.jpg,42. hemp russet mite (Aculops cannabicola) (Farkas)
43,https://bugwoodcloud.org/images/768x512/5574605.jpg,43. hemp russet mite (Aculops cannabicola) (Farkas)
44,https://bugwoodcloud.org/images/768x512/5574606.jpg,44. hemp russet mite (Aculops cannabicola) (Farkas)
45,https://bugwoodcloud.org/images/768x512/5574607.jpg,45. hemp russet mite (Aculops cannabicola) (Farkas)
46,https://bugwoodcloud.org/images/768x512/5574608.jpg,46. hemp russet mite (Aculops cannabicola) (Farkas)
47,https://bugwoodcloud.org/images/768x512/5556148.jpg,47. bumble bees (Bombus sp.) Latreill
48,https://bugwoodcloud.org/images/768x512/5556149.jpg,48. bumble bees (Bombus sp.) Latreill
49,https://bugwoodcloud.org/images/768x512/5556150.jpg,49. bumble bees (Bombus sp.) Latreill
50,https://bugwoodcloud.org/images/768x512/5556151.jpg,50. honey bee (Apis mellifera) Linnaeus
51,https://bugwoodcloud.org/images/768x512/5556153.jpg,51. honey bee (Apis mellifera) Linnaeus
52,https://bugwoodcloud.org/images/768x512/5556154.jpg,52. honey bee (Apis mellifera) Linnaeus
53,https://bugwoodcloud.org/images/768x512/5556155.jpg,53. honey bee (Apis mellifera) Linnaeus
54,https://bugwoodcloud.org/images/768x512/5556156.jpg,54. Corn earworm (Helicoverpa zea) (Boddie)
55,https://bugwoodcloud.org/images/768x512/5556158.jpg,55. Corn earworm (Helicoverpa zea) (Boddie)
56,https://bugwoodcloud.org/images/768x512/5556159.jpg,56. beet armyworm (Spodoptera exigua) (Hubner)
57,https://bugwoodcloud.org/images/768x512/5556160.jpg,57. beet webworm (Loxostege sticticalis) (Linnaeus)
58,https://bugwoodcloud.org/images/768x512/5556161.jpg,58. saltmarsh caterpillar (Estigmene acrea) (Drur
59,https://bugwoodcloud.org/images/768x512/5556162.jpg,59. yellow woollybear (Spilosoma virginica) (Fabriciu
60,https://bugwoodcloud.org/images/768x512/5556166.jpg,60. differential grasshopper (Melanoplus differentialis) (Thoma
61,https://bugwoodcloud.org/images/768x512/5556167.jpg,61. differential grasshopper (Melanoplus differentialis) (Thoma
62,https://bugwoodcloud.org/images/768x512/5556168.jpg,62. differential grasshopper (Melanoplus differentialis) (Thoma
63,https://bugwoodcloud.org/images/768x512/5556169.jpg,63. differential grasshopper (Melanoplus differentialis) (Thoma
64,https://bugwoodcloud.org/images/768x512/5556170.jpg,64. pale legume bug (Lygus elisus) Van Duzee
65,https://bugwoodcloud.org/images/768x512/5556171.jpg,65. western tarnished plant bug (Lygus hesperus) Knight
66,https://bugwoodcloud.org/images/768x512/5556172.jpg,66. seed bugs (Nysius sp.) Dalla
67,https://bugwoodcloud.org/images/768x512/5556173.jpg,67. Eurasian hemp borer (Grapholita delineana) (Walker)
68,https://bugwoodcloud.org/images/768x512/5560003.jpg,68. yellow woollybear (Spilosoma virginica) (Fabriciu
69,https://bugwoodcloud.org/images/768x512/5569063.jpg,69. spotted cucumber beetle (Diabrotica undecimpunctata) Mannerhei
70,https://bugwoodcloud.org/images/768x512/5569064.jpg,70. saltmarsh caterpillar (Estigmene acrea) (Drur
71,https://bugwoodcloud.org/images/768x512/5569065.jpg,71. saltmarsh caterpillar (Estigmene acrea) (Drur
72,https://bugwoodcloud.org/images/768x512/5569066.jpg,72. differential grasshopper (Melanoplus differentialis) (Thoma
73,https://bugwoodcloud.org/images/768x512/5569068.jpg,73. spur-throated grasshoppers (Melanoplus sp.) Stal 1873
74,https://bugwoodcloud.org/images/768x512/5569069.jpg,74. spur-throated grasshoppers (Melanoplus sp.) Stal 1873
75,https://bugwoodcloud.org/images/768x512/5569070.jpg,75. spur-throated grasshoppers (Melanoplus sp.) Stal 1873
76,https://bugwoodcloud.org/images/768x512/5569071.jpg,76. spur-throated grasshoppers (Melanoplus sp.) Stal 1873
77,https://bugwoodcloud.org/images/768x512/5569072.jpg,77. picture-winged fly (Physiphora demandata) (Fabriciu
78,https://bugwoodcloud.org/images/768x512/5569073.jpg,78. picture-winged fly (Physiphora demandata) (Fabriciu
79,https://bugwoodcloud.org/images/768x512/5569074.jpg,79. seed bugs (Nysius sp.) Dalla
80,https://bugwoodcloud.org/images/768x512/5569078.jpg,80. zebra caterpillar (Melanchra picta) (Harris)
81,https://bugwoodcloud.org/images/768x512/5569080.jpg,81. zebra caterpillar (Melanchra picta) (Harris)
82,https://bugwoodcloud.org/images/768x512/5569081.jpg,82. zebra caterpillar (Melanchra picta) (Harris)
83,https://bugwoodcloud.org/images/768x512/5569082.jpg,83. zebra caterpillar (Melanchra picta) (Harris)
84,https://bugwoodcloud.org/images/768x512/5572728.jpg,84. Eurasian hemp borer (Grapholita delineana) (Walker)
85,https://bugwoodcloud.org/images/768x512/5572729.jpg,85. Eurasian hemp borer (Grapholita delineana) (Walker)
86,https://bugwoodcloud.org/images/768x512/5572730.jpg,86. Eurasian hemp borer (Grapholita delineana) (Walker)
87,https://bugwoodcloud.org/images/768x512/5572731.jpg,87. Eurasian hemp borer (Grapholita delineana) (Walker)
88,https://bugwoodcloud.org/images/768x512/5572732.jpg,88. Eurasian hemp borer (Grapholita delineana) (Walker)
89,https://bugwoodcloud.org/images/768x512/5572733.jpg,89. Eurasian hemp borer (Grapholita delineana) (Walker)
90,https://bugwoodcloud.org/images/768x512/5573404.jpg,90. planthoppers (Melanoliarus sp.) Fennah 1945
91,https://bugwoodcloud.org/images/768x512/5574597.jpg,91. Eurasian hemp borer (Grapholita delineana) (Walker)
92,https://bugwoodcloud.org/images/768x512/5574598.jpg,92. Eurasian hemp borer (Grapholita delineana) (Walker)
93,https://bugwoodcloud.org/images/768x512/5574599.jpg,93. Eurasian hemp borer (Grapholita delineana) (Walker)
94,https://bugwoodcloud.org/images/768x512/5574600.jpg,94. Eurasian hemp borer (Grapholita delineana) (Walker)
95,https://bugwoodcloud.org/images/768x512/5574601.jpg,95. Eurasian hemp borer (Grapholita delineana) (Walker)
96,https://bugwoodcloud.org/images/768x512/5574617.jpg,96. variegated cutworm (Peridroma saucia) (Hubner)
97,https://bugwoodcloud.org/images/768x512/5574624.jpg,97. Eurasian hemp borer (Grapholita delineana) (Walker)
98,https://bugwoodcloud.org/images/768x512/5574625.jpg,98. Eurasian hemp borer (Grapholita delineana) (Walker)
99,https://bugwoodcloud.org/images/768x512/5574626.jpg,99. Eurasian hemp borer (Grapholita delineana) (Walker)
100,https://bugwoodcloud.org/images/768x512/5574627.jpg,100. Eurasian hemp borer (Grapholita delineana) (Walker)
101,https://bugwoodcloud.org/images/768x512/5574628.jpg,101. Eurasian hemp borer (Grapholita delineana) (Walker)
102,https://bugwoodcloud.org/images/768x512/5576270.jpg,102. Corn earworm (Helicoverpa zea) (Boddie)
103,https://bugwoodcloud.org/images/768x512/5576271.jpg,103. Corn earworm (Helicoverpa zea) (Boddie)
104,https://bugwoodcloud.org/images/768x512/5576272.jpg,104. Corn earworm (Helicoverpa zea) (Boddie)
105,https://bugwoodcloud.org/images/768x512/5576273.jpg,105. Corn earworm (Helicoverpa zea) (Boddie)
106,https://bugwoodcloud.org/images/768x512/5576274.jpg,106. Corn earworm (Helicoverpa zea) (Boddie)
107,https://bugwoodcloud.org/images/768x512/5576275.jpg,107. Corn earworm (Helicoverpa zea) (Boddie)
108,https://bugwoodcloud.org/images/768x512/5576276.jpg,108. Corn earworm (Helicoverpa zea) (Boddie)
109,https://bugwoodcloud.org/images/768x512/5576277.jpg,109. Corn earworm (Helicoverpa zea) (Boddie)
110,https://bugwoodcloud.org/images/768x512/5576278.jpg,110. Corn earworm (Helicoverpa zea) (Boddie)
111,https://bugwoodcloud.org/images/768x512/5576279.jpg,111. Corn earworm (Helicoverpa zea) (Boddie)
112,https://bugwoodcloud.org/images/768x512/5576280.jpg,112. Eurasian hemp borer (Grapholita delineana) (Walker)
113,https://bugwoodcloud.org/images/768x512/5576281.jpg,113. Eurasian hemp borer (Grapholita delineana) (Walker)
114,https://bugwoodcloud.org/images/768x512/5576282.jpg,114. Eurasian hemp borer (Grapholita delineana) (Walker)
115,https://bugwoodcloud.org/images/768x512/5576283.jpg,115. Eurasian hemp borer (Grapholita delineana) (Walker)
116,https://bugwoodcloud.org/images/768x512/5576284.jpg,116. Eurasian hemp borer (Grapholita delineana) (Walker)
117,https://bugwoodcloud.org/images/768x512/5576285.jpg,117. Eurasian hemp borer (Grapholita delineana) (Walker)
118,https://bugwoodcloud.org/images/768x512/5576286.jpg,118. Eurasian hemp borer (Grapholita delineana) (Walker)
119,,
120,,
121,,
122,,
123,,
124,,
125,,
