https://www.ipmimages.org/image.cfm?imgnum=5565667,"['Image Number: 5565667', 'cannabis aphid (Phorodon cannabis) (Passerini)', 'Photographer:', 'Whitney Cranshaw', 'Organization:', 'Colorado State University', 'Descriptor:', 'Indicator(s)', 'Description:', 'Cast skins of cannabis aphid', 'Image type:', 'Field', 'Host:', 'hemp/marijuana (sativa) (Cannabis sativa L)']"
https://www.ipmimages.org/image.cfm?imgnum=5565669,"['Image Number: 5565669', 'cannabis aphid (Phorodon cannabis) (Passerini)', 'Photographer:', 'Whitney Cranshaw', 'Organization:', 'Colorado State University', 'Descriptor:', 'Nymph(s)', 'Description:', 'Cannabis aphid killed by fungal pathogen', 'Image type:', 'Field', 'Host:', 'hemp/marijuana (sativa) (Cannabis sativa L)']"
https://www.ipmimages.org/image.cfm?imgnum=5565670,"['Image Number: 5565670', 'cannabis aphid (Phorodon cannabis) (Passerini)', 'Photographer:', 'Whitney Cranshaw', 'Organization:', 'Colorado State University', 'Descriptor:', 'Biological Control', 'Description:', 'Cannabis aphid mummy, killed by a braconid wasp', 'Image type:', 'Field', 'Host:', 'hemp/marijuana (sativa) (Cannabis sativa L)']"
https://www.ipmimages.org/image.cfm?imgnum=5565672,"['Image Number: 5565672', 'cannabis aphid (Phorodon cannabis) (Passerini)', 'Photographer:', 'Whitney Cranshaw', 'Organization:', 'Colorado State University', 'Descriptor:', 'Biological Control', 'Description:', 'Winged adult cannabis aphid, parasitized by a braconid wasp.  An ""aphid mummy""', 'Image type:', 'Field', 'Host:', 'hemp/marijuana (sativa) (Cannabis sativa L)']"
https://www.ipmimages.org/image.cfm?imgnum=5565673,"['Image Number: 5565673', 'cannabis aphid (Phorodon cannabis) (Passerini)', 'Photographer:', 'Whitney Cranshaw', 'Organization:', 'Colorado State University', 'Descriptor:', 'Biological Control', 'Description:', 'Cannabis aphid mummy with exit hole from braconid parasitoid.', 'Image type:', 'Field', 'Host:', 'hemp/marijuana (sativa) (Cannabis sativa L)']"
https://www.ipmimages.org/image.cfm?imgnum=5556184,"['Image Number: 5556184', 'cannabis aphid (Phorodon cannabis) (Passerini)', 'Photographer:', 'Whitney Cranshaw', 'Organization:', 'Colorado State University', 'Descriptor:', 'Multiple Life Stages', 'Description:', 'Mixed life stages on hemp foliage.', 'Image type:', 'Field', 'Host:', 'hemp/marijuana (sativa) (Cannabis sativa L)']"
https://www.ipmimages.org/image.cfm?imgnum=5556185,"['Image Number: 5556185', 'cannabis aphid (Phorodon cannabis) (Passerini)', 'Photographer:', 'Whitney Cranshaw', 'Organization:', 'Colorado State University', 'Descriptor:', 'Multiple Life Stages', 'Description:', 'Mixed life stages on hemp foliage.', 'Image type:', 'Field', 'Host:', 'hemp/marijuana (sativa) (Cannabis sativa L)']"
https://www.ipmimages.org/image.cfm?imgnum=5556186,"['Image Number: 5556186', 'cannabis aphid (Phorodon cannabis) (Passerini)', 'Photographer:', 'Whitney Cranshaw', 'Organization:', 'Colorado State University', 'Descriptor:', 'Multiple Life Stages', 'Description:', 'Alate adult and nymph.', 'Image type:', 'Field', 'Host:', 'hemp/marijuana (sativa) (Cannabis sativa L)']"
https://www.ipmimages.org/image.cfm?imgnum=5556187,"['Image Number: 5556187', 'cannabis aphid (Phorodon cannabis) (Passerini)', 'Photographer:', 'Whitney Cranshaw', 'Organization:', 'Colorado State University', 'Descriptor:', 'Multiple Life Stages', 'Description:', 'Apterous adults and cast skins.', 'Image type:', 'Field', 'Host:', 'hemp/marijuana (sativa) (Cannabis sativa L)']"
https://www.ipmimages.org/image.cfm?imgnum=5556188,"['Image Number: 5556188', 'cannabis aphid (Phorodon cannabis) (Passerini)', 'Photographer:', 'Whitney Cranshaw', 'Organization:', 'Colorado State University', 'Descriptor:', 'Multiple Life Stages', 'Description:', 'Apterous adults and nymphs.', 'Image type:', 'Field', 'Host:', 'hemp/marijuana (sativa) (Cannabis sativa L)']"
https://www.ipmimages.org/image.cfm?imgnum=5556189,"['Image Number: 5556189', 'cannabis aphid (Phorodon cannabis) (Passerini)', 'Photographer:', 'Whitney Cranshaw', 'Organization:', 'Colorado State University', 'Descriptor:', 'Multiple Life Stages', 'Description:', 'Nymphs', 'Image type:', 'Field', 'Host:', 'hemp/marijuana (sativa) (Cannabis sativa L)']"
https://www.ipmimages.org/image.cfm?imgnum=5556190,"['Image Number: 5556190', 'cannabis aphid (Phorodon cannabis) (Passerini)', 'Photographer:', 'Whitney Cranshaw', 'Organization:', 'Colorado State University', 'Descriptor:', 'Multiple Life Stages', 'Description:', 'Apterous adult', 'Image type:', 'Field', 'Host:', 'hemp/marijuana (sativa) (Cannabis sativa L)']"
https://www.ipmimages.org/image.cfm?imgnum=5565652,"['Image Number: 5565652', 'cannabis aphid (Phorodon cannabis) (Passerini)', 'Photographer:', 'Whitney Cranshaw', 'Organization:', 'Colorado State University', 'Descriptor:', 'Adult(s)', 'Description:', 'Wingless adult.', 'Image type:', 'Field', 'Host:', 'hemp/marijuana (sativa) (Cannabis sativa L)']"
https://www.ipmimages.org/image.cfm?imgnum=5565653,"['Image Number: 5565653', 'cannabis aphid (Phorodon cannabis) (Passerini)', 'Photographer:', 'Whitney Cranshaw', 'Organization:', 'Colorado State University', 'Descriptor:', 'Multiple Life Stages', 'Description:', 'Adult and nymphs, wingless forms', 'Image type:', 'Field', 'Host:', 'hemp/marijuana (sativa) (Cannabis sativa L)']"
https://www.ipmimages.org/image.cfm?imgnum=5565654,"['Image Number: 5565654', 'cannabis aphid (Phorodon cannabis) (Passerini)', 'Photographer:', 'Whitney Cranshaw', 'Organization:', 'Colorado State University', 'Descriptor:', 'Multiple Life Stages', 'Description:', 'Mixed life stages on hemp.  Photograph taken September 11, 2017', 'Image type:', 'Field', 'Host:', 'hemp/marijuana (sativa) (Cannabis sativa L)']"
https://www.ipmimages.org/image.cfm?imgnum=5565655,"['Image Number: 5565655', 'cannabis aphid (Phorodon cannabis) (Passerini)', 'Photographer:', 'Whitney Cranshaw', 'Organization:', 'Colorado State University', 'Descriptor:', 'Multiple Life Stages', 'Description:', 'Heavy infestation with mixed life stages on hemp.  Photograph taken September 11, 2017', 'Image type:', 'Field', 'Host:', 'hemp/marijuana (sativa) (Cannabis sativa L)']"
https://www.ipmimages.org/image.cfm?imgnum=5565657,"['Image Number: 5565657', 'cannabis aphid (Phorodon cannabis) (Passerini)', 'Photographer:', 'Whitney Cranshaw', 'Organization:', 'Colorado State University', 'Descriptor:', 'Multiple Life Stages', 'Description:', 'Recent winged form colonizers and newly produced nymphs.  Photograph taken September 1', 'Image type:', 'Field', 'Host:', 'hemp/marijuana (sativa) (Cannabis sativa L)']"
https://www.ipmimages.org/image.cfm?imgnum=5565658,"['Image Number: 5565658', 'cannabis aphid (Phorodon cannabis) (Passerini)', 'Photographer:', 'Whitney Cranshaw', 'Organization:', 'Colorado State University', 'Descriptor:', 'Multiple Life Stages', 'Description:', 'Heavy infestation early in the season (June 29) ', 'Image type:', 'Field', 'Host:', 'hemp/marijuana (sativa) (Cannabis sativa L)']"
https://www.ipmimages.org/image.cfm?imgnum=5565659,"['Image Number: 5565659', 'cannabis aphid (Phorodon cannabis) (Passerini)', 'Photographer:', 'Whitney Cranshaw', 'Organization:', 'Colorado State University', 'Descriptor:', 'Multiple Life Stages', 'Description:', 'Mixed stages on stem.  Photograph taken August 31. 2017', 'Image type:', 'Field', 'Host:', 'hemp/marijuana (sativa) (Cannabis sativa L)']"
https://www.ipmimages.org/image.cfm?imgnum=5565660,"['Image Number: 5565660', 'cannabis aphid (Phorodon cannabis) (Passerini)', 'Photographer:', 'Whitney Cranshaw', 'Organization:', 'Colorado State University', 'Descriptor:', 'Nymph(s)', 'Description:', 'Late stage nymph with wing pads', 'Image type:', 'Field', 'Host:', 'hemp/marijuana (sativa) (Cannabis sativa L)']"
https://www.ipmimages.org/image.cfm?imgnum=5565661,"['Image Number: 5565661', 'cannabis aphid (Phorodon cannabis) (Passerini)', 'Photographer:', 'Whitney Cranshaw', 'Organization:', 'Colorado State University', 'Descriptor:', 'Adult(s)', 'Description:', 'Winged form female', 'Image type:', 'Field', 'Host:', 'hemp/marijuana (sativa) (Cannabis sativa L)']"
https://www.ipmimages.org/image.cfm?imgnum=5565662,"['Image Number: 5565662', 'cannabis aphid (Phorodon cannabis) (Passerini)', 'Photographer:', 'Whitney Cranshaw', 'Organization:', 'Colorado State University', 'Descriptor:', 'Adult(s)', 'Description:', 'Winged form female', 'Image type:', 'Field', 'Host:', 'hemp/marijuana (sativa) (Cannabis sativa L)']"
https://www.ipmimages.org/image.cfm?imgnum=5565663,"['Image Number: 5565663', 'cannabis aphid (Phorodon cannabis) (Passerini)', 'Photographer:', 'Whitney Cranshaw', 'Organization:', 'Colorado State University', 'Descriptor:', 'Adult(s)', 'Description:', 'Winged form.  Photograph taken August 31, 2017', 'Image type:', 'Field', 'Host:', 'hemp/marijuana (sativa) (Cannabis sativa L)']"
https://www.ipmimages.org/image.cfm?imgnum=5565664,"['Image Number: 5565664', 'cannabis aphid (Phorodon cannabis) (Passerini)', 'Photographer:', 'Whitney Cranshaw', 'Organization:', 'Colorado State University', 'Descriptor:', 'Multiple Life Stages', 'Description:', 'Mixed life stages on hemp, with syrphid egg.  Photograph taken September 11, 2017', 'Image type:', 'Field', 'Host:', 'hemp/marijuana (sativa) (Cannabis sativa L)']"
https://www.ipmimages.org/image.cfm?imgnum=5565665,"['Image Number: 5565665', 'cannabis aphid (Phorodon cannabis) (Passerini)', 'Photographer:', 'Whitney Cranshaw', 'Organization:', 'Colorado State University', 'Descriptor:', 'Nymph(s)', 'Description:', 'Newly molted nymph.  The discarded skin is to the left', 'Image type:', 'Field', 'Host:', 'hemp/marijuana (sativa) (Cannabis sativa L)']"
https://www.ipmimages.org/image.cfm?imgnum=5565666,"['Image Number: 5565666', 'cannabis aphid (Phorodon cannabis) (Passerini)', 'Photographer:', 'Whitney Cranshaw', 'Organization:', 'Colorado State University', 'Descriptor:', 'Indicator(s)', 'Description:', 'Plant with cast skins and honeydew', 'Image type:', 'Field', 'Host:', 'hemp/marijuana (sativa) (Cannabis sativa L)']"
https://www.ipmimages.org/image.cfm?imgnum=5565668,"['Image Number: 5565668', 'cannabis aphid (Phorodon cannabis) (Passerini)', 'Photographer:', 'Whitney Cranshaw', 'Organization:', 'Colorado State University', 'Descriptor:', 'Nymph(s)', 'Description:', 'Late stage nymph with wing pads', 'Image type:', 'Field', 'Host:', 'hemp/marijuana (sativa) (Cannabis sativa L)']"
https://www.ipmimages.org/image.cfm?imgnum=5576293,"['Image Number: 5576293', 'cannabis aphid (Phorodon cannabis) (Passerini)', 'Photographer:', 'Whitney Cranshaw', 'Organization:', 'Colorado State University', 'Descriptor:', 'Multiple Life Stages', 'Description:', 'Oviparous females with one winged male.  Eggs have been laid by the female in the upper part of the the photo.', 'Image type:', 'Field', 'Host:', 'hemp/marijuana (sativa) (Cannabis sativa L)']"
https://www.ipmimages.org/image.cfm?imgnum=5576294,"['Image Number: 5576294', 'cannabis aphid (Phorodon cannabis) (Passerini)', 'Photographer:', 'Whitney Cranshaw', 'Organization:', 'Colorado State University', 'Descriptor:', 'Egg(s)', 'Description:', 'Oviparous female with recently produced eggs on hemp leaf.', 'Image type:', 'Field', 'Host:', 'hemp/marijuana (sativa) (Cannabis sativa L)']"
https://www.ipmimages.org/image.cfm?imgnum=5576295,"['Image Number: 5576295', 'cannabis aphid (Phorodon cannabis) (Passerini)', 'Photographer:', 'Whitney Cranshaw', 'Organization:', 'Colorado State University', 'Descriptor:', 'Egg(s)', 'Description:', 'Eggs laid on leaves associated with bud of a hemp plant.', 'Image type:', 'Field', 'Host:', 'hemp/marijuana (sativa) (Cannabis sativa L)']"
https://www.ipmimages.org/image.cfm?imgnum=5576297,"['Image Number: 5576297', 'cannabis aphid (Phorodon cannabis) (Passerini)', 'Photographer:', 'Whitney Cranshaw', 'Organization:', 'Colorado State University', 'Descriptor:', 'Sign', 'Description:', 'Discarded exuviae on hemp leaf', 'Image type:', 'Field', 'Host:', 'hemp/marijuana (sativa) (Cannabis sativa L)']"
https://www.ipmimages.org/image.cfm?imgnum=5565671,"['Image Number: 5565671', 'cannabis aphid (Phorodon cannabis) (Passerini)', 'Photographer:', 'Whitney Cranshaw', 'Organization:', 'Colorado State University', 'Descriptor:', 'Biological Control', 'Description:', 'Wingless adult cannabis aphid, parasitized by a braconid wasp.  The  ""aphid mummy"" is next to a cannabis aphid nymph.', 'Image type:', 'Field', 'Host:', 'hemp/marijuana (sativa) (Cannabis sativa L)']"
https://www.ipmimages.org/image.cfm?imgnum=5576296,"['Image Number: 5576296', 'cannabis aphid (Phorodon cannabis) (Passerini)', 'Photographer:', 'Whitney Cranshaw', 'Organization:', 'Colorado State University', 'Descriptor:', 'Egg(s)', 'Description:', 'Eggs laid on leaves associated with bud of a hemp plant. A hatched egg of a syrphid fly is on the left side of the photo.', 'Image type:', 'Field', 'Host:', 'hemp/marijuana (sativa) (Cannabis sativa L)']"
https://www.ipmimages.org/image.cfm?imgnum=5556164,"['Image Number: 5556164', 'palestriped flea beetle (Systena blanda) Melsheimer, 1847', 'Photographer:', 'Whitney Cranshaw', 'Organization:', 'Colorado State University', 'Descriptor:', 'Adult(s)', 'Description:', 'Adult on hemp.', 'Image type:', 'Field', 'Host:', 'hemp/marijuana (sativa) (Cannabis sativa L)']"
https://www.ipmimages.org/image.cfm?imgnum=5556165,"['Image Number: 5556165', 'palestriped flea beetle (Systena blanda) Melsheimer, 1847', 'Photographer:', 'Whitney Cranshaw', 'Organization:', 'Colorado State University', 'Descriptor:', 'Damage', 'Description:', 'Flea beetle injury to hemp leaves.', 'Image type:', 'Field', 'Host:', 'hemp/marijuana (sativa) (Cannabis sativa L)']"
https://www.ipmimages.org/image.cfm?imgnum=5569058,"['Image Number: 5569058', 'onion thrips (Thrips tabaci) Lindeman, 1889', 'Photographer:', 'Whitney Cranshaw', 'Organization:', 'Colorado State University', 'Descriptor:', 'Damage', 'Description:', 'Leaf injury to hemp produced by onion thrips', 'Image type:', 'Field', 'Host:', 'hemp/marijuana (sativa) (Cannabis sativa L)']"
https://www.ipmimages.org/image.cfm?imgnum=5569059,"['Image Number: 5569059', 'onion thrips (Thrips tabaci) Lindeman, 1889', 'Photographer:', 'Whitney Cranshaw', 'Organization:', 'Colorado State University', 'Descriptor:', 'Damage', 'Description:', 'Leaf injury to hemp produced by onion thrips', 'Image type:', 'Field', 'Host:', 'hemp/marijuana (sativa) (Cannabis sativa L)']"
https://www.ipmimages.org/image.cfm?imgnum=5569060,"['Image Number: 5569060', 'onion thrips (Thrips tabaci) Lindeman, 1889', 'Photographer:', 'Whitney Cranshaw', 'Organization:', 'Colorado State University', 'Descriptor:', 'Damage', 'Description:', 'Severe leaf injury to hemp produced by onion thrips', 'Image type:', 'Field', 'Host:', 'hemp/marijuana (sativa) (Cannabis sativa L)']"
https://www.ipmimages.org/image.cfm?imgnum=5569061,"['Image Number: 5569061', 'twospotted spider mite (Tetranychus urticae) Koch', 'Photographer:', 'Whitney Cranshaw', 'Organization:', 'Colorado State University', 'Descriptor:', 'Infestation', 'Description:', 'Spider mites dispersing on webbing among hemp plants', 'Image type:', 'Field', 'Host:', 'hemp/marijuana (sativa) (Cannabis sativa L)']"
https://www.ipmimages.org/image.cfm?imgnum=5569062,"['Image Number: 5569062', 'twospotted spider mite (Tetranychus urticae) Koch', 'Photographer:', 'Whitney Cranshaw', 'Organization:', 'Colorado State University', 'Descriptor:', 'Infestation', 'Description:', 'Spider mites dispersing on webbing among hemp plants', 'Image type:', 'Field', 'Host:', 'hemp/marijuana (sativa) (Cannabis sativa L)']"
https://www.ipmimages.org/image.cfm?imgnum=5569207,"['Image Number: 5569207', 'hemp russet mite (Aculops cannabicola) (Farkas)', 'Photographer:', 'Whitney Cranshaw', 'Organization:', 'Colorado State University', 'Descriptor:', 'Adult(s)', 'Description:', 'Small numbers of hemp russet mites on the underside of a hemp leaf', 'Image type:', 'Field', 'Host:', 'hemp/marijuana (sativa) (Cannabis sativa L)']"
https://www.ipmimages.org/image.cfm?imgnum=5569208,"['Image Number: 5569208', 'hemp russet mite (Aculops cannabicola) (Farkas)', 'Photographer:', 'Whitney Cranshaw', 'Organization:', 'Colorado State University', 'Descriptor:', 'Adult(s)', 'Description:', 'Small numbers of hemp russet mites on the underside of a hemp leaf', 'Image type:', 'Field', 'Host:', 'hemp/marijuana (sativa) (Cannabis sativa L)']"
https://www.ipmimages.org/image.cfm?imgnum=5574604,"['Image Number: 5574604', 'hemp russet mite (Aculops cannabicola) (Farkas)', 'Photographer:', 'Whitney Cranshaw', 'Organization:', 'Colorado State University', 'Descriptor:', 'Damage', 'Description:', 'Distortions to bud and new leaves caused by hemp russet mite', 'Image type:', 'Field', 'Host:', 'hemp/marijuana (sativa) (Cannabis sativa L)']"
https://www.ipmimages.org/image.cfm?imgnum=5574605,"['Image Number: 5574605', 'hemp russet mite (Aculops cannabicola) (Farkas)', 'Photographer:', 'Whitney Cranshaw', 'Organization:', 'Colorado State University', 'Descriptor:', 'Damage', 'Description:', 'Distortions to bud and new leaves caused by hemp russet mite', 'Image type:', 'Field', 'Host:', 'hemp/marijuana (sativa) (Cannabis sativa L)']"
https://www.ipmimages.org/image.cfm?imgnum=5574606,"['Image Number: 5574606', 'hemp russet mite (Aculops cannabicola) (Farkas)', 'Photographer:', 'Whitney Cranshaw', 'Organization:', 'Colorado State University', 'Descriptor:', 'Damage', 'Description:', 'Distortions to bud and new leaves caused by hemp russet mite', 'Image type:', 'Field', 'Host:', 'hemp/marijuana (sativa) (Cannabis sativa L)']"
https://www.ipmimages.org/image.cfm?imgnum=5574607,"['Image Number: 5574607', 'hemp russet mite (Aculops cannabicola) (Farkas)', 'Photographer:', 'Whitney Cranshaw', 'Organization:', 'Colorado State University', 'Descriptor:', 'Damage', 'Description:', 'Distortions to bud and new leaves caused by hemp russet mite', 'Image type:', 'Field', 'Host:', 'hemp/marijuana (sativa) (Cannabis sativa L)']"
https://www.ipmimages.org/image.cfm?imgnum=5574608,"['Image Number: 5574608', 'hemp russet mite (Aculops cannabicola) (Farkas)', 'Photographer:', 'Whitney Cranshaw', 'Organization:', 'Colorado State University', 'Descriptor:', 'Multiple Life Stages', 'Description:', 'Hemp russet mites developing on new leaves around bud', 'Image type:', 'Field', 'Host:', 'hemp/marijuana (sativa) (Cannabis sativa L)']"
https://www.ipmimages.org/image.cfm?imgnum=5556148,"['Image Number: 5556148', 'bumble bees (Bombus sp.) Latreille, 1802', 'Photographer:', 'Whitney Cranshaw', 'Organization:', 'Colorado State University', 'Descriptor:', 'Adult(s)', 'Description:', 'Bumble bee visiting hemp for pollen.', 'Image type:', 'Field', 'Host:', 'hemp/marijuana (sativa) (Cannabis sativa L)']"
https://www.ipmimages.org/image.cfm?imgnum=5556149,"['Image Number: 5556149', 'bumble bees (Bombus sp.) Latreille, 1802', 'Photographer:', 'Whitney Cranshaw', 'Organization:', 'Colorado State University', 'Descriptor:', 'Adult(s)', 'Description:', 'Bubmle bee visiting hemp for pollen.', 'Image type:', 'Field', 'Host:', 'hemp/marijuana (sativa) (Cannabis sativa L)']"
https://www.ipmimages.org/image.cfm?imgnum=5556150,"['Image Number: 5556150', 'bumble bees (Bombus sp.) Latreille, 1802', 'Photographer:', 'Whitney Cranshaw', 'Organization:', 'Colorado State University', 'Descriptor:', 'Adult(s)', 'Description:', 'Bumble bee and honey bee visiting hemp for pollen.', 'Image type:', 'Field', 'Host:', 'hemp/marijuana (sativa) (Cannabis sativa L)']"
https://www.ipmimages.org/image.cfm?imgnum=5556151,"['Image Number: 5556151', 'honey bee (Apis mellifera) Linnaeus', 'Photographer:', 'Whitney Cranshaw', 'Organization:', 'Colorado State University', 'Descriptor:', 'Adult(s)', 'Description:', 'Honey bee visting hemp for pollen', 'Image type:', 'Field', 'Host:', 'hemp/marijuana (sativa) (Cannabis sativa L)']"
https://www.ipmimages.org/image.cfm?imgnum=5556153,"['Image Number: 5556153', 'honey bee (Apis mellifera) Linnaeus', 'Photographer:', 'Whitney Cranshaw', 'Organization:', 'Colorado State University', 'Descriptor:', 'Adult(s)', 'Description:', 'Honey bee visiting hemp for pollen.', 'Image type:', 'Field', 'Host:', 'hemp/marijuana (sativa) (Cannabis sativa L)']"
https://www.ipmimages.org/image.cfm?imgnum=5556154,"['Image Number: 5556154', 'honey bee (Apis mellifera) Linnaeus', 'Photographer:', 'Whitney Cranshaw', 'Organization:', 'Colorado State University', 'Descriptor:', 'Adult(s)', 'Description:', 'Honey bee visiting hemp for pollen.', 'Image type:', 'Field', 'Host:', 'hemp/marijuana (sativa) (Cannabis sativa L)']"
https://www.ipmimages.org/image.cfm?imgnum=5556155,"['Image Number: 5556155', 'honey bee (Apis mellifera) Linnaeus', 'Photographer:', 'Whitney Cranshaw', 'Organization:', 'Colorado State University', 'Descriptor:', 'Adult(s)', 'Description:', 'Honey bee visiting hemp for pollen.', 'Image type:', 'Field', 'Host:', 'hemp/marijuana (sativa) (Cannabis sativa L)']"
https://www.ipmimages.org/image.cfm?imgnum=5556156,"['Image Number: 5556156', 'Corn earworm (Helicoverpa zea) (Boddie)', 'Photographer:', 'Whitney Cranshaw', 'Organization:', 'Colorado State University', 'Descriptor:', 'Larva(e)', 'Description:', 'Larva feeding in head of hemp plant.', 'Image type:', 'Field', 'Host:', 'hemp/marijuana (sativa) (Cannabis sativa L)']"
https://www.ipmimages.org/image.cfm?imgnum=5556158,"['Image Number: 5556158', 'Corn earworm (Helicoverpa zea) (Boddie)', 'Photographer:', 'Whitney Cranshaw', 'Organization:', 'Colorado State University', 'Descriptor:', 'Adult(s)', 'Description:', 'Adult resting on hemp plant.', 'Image type:', 'Field', 'Host:', 'hemp/marijuana (sativa) (Cannabis sativa L)']"
https://www.ipmimages.org/image.cfm?imgnum=5556159,"['Image Number: 5556159', 'beet armyworm (Spodoptera exigua) (Hubner)', 'Photographer:', 'Whitney Cranshaw', 'Organization:', 'Colorado State University', 'Descriptor:', 'Larva(e)', 'Description:', 'Larva feeding in head of hemp plant. ', 'Image type:', 'Field', 'Host:', 'hemp/marijuana (sativa) (Cannabis sativa L)']"
https://www.ipmimages.org/image.cfm?imgnum=5556160,"['Image Number: 5556160', 'beet webworm (Loxostege sticticalis) (Linnaeus)', 'Photographer:', 'Whitney Cranshaw', 'Organization:', 'Colorado State University', 'Descriptor:', 'Larva(e)', 'Description:', 'Late stage larva collected from hemp.', 'Image type:', 'Field', 'Host:', 'hemp/marijuana (sativa) (Cannabis sativa L)']"
https://www.ipmimages.org/image.cfm?imgnum=5556161,"['Image Number: 5556161', 'saltmarsh caterpillar (Estigmene acrea) (Drury, 1773)', 'Photographer:', 'Whitney Cranshaw', 'Organization:', 'Colorado State University', 'Descriptor:', 'Larva(e)', 'Description:', 'Larva collected on hemp foliage.', 'Image type:', 'Field', 'Host:', 'hemp/marijuana (sativa) (Cannabis sativa L)']"
https://www.ipmimages.org/image.cfm?imgnum=5556162,"['Image Number: 5556162', 'yellow woollybear (Spilosoma virginica) (Fabricius, 1798)', 'Photographer:', 'Whitney Cranshaw', 'Organization:', 'Colorado State University', 'Descriptor:', 'Larva(e)', 'Description:', 'Larva collected on hemp foliage.', 'Image type:', 'Field', 'Host:', 'hemp/marijuana (sativa) (Cannabis sativa L)']"
https://www.ipmimages.org/image.cfm?imgnum=5556166,"['Image Number: 5556166', 'differential grasshopper (Melanoplus differentialis) (Thomas, 1865)', 'Photographer:', 'Whitney Cranshaw', 'Organization:', 'Colorado State University', 'Descriptor:', 'Nymph(s)', 'Description:', 'Late instar nymph collected on hemp.', 'Image type:', 'Field', 'Host:', 'hemp/marijuana (sativa) (Cannabis sativa L)']"
https://www.ipmimages.org/image.cfm?imgnum=5556167,"['Image Number: 5556167', 'differential grasshopper (Melanoplus differentialis) (Thomas, 1865)', 'Photographer:', 'Whitney Cranshaw', 'Organization:', 'Colorado State University', 'Descriptor:', 'Damage', 'Description:', 'Defoliation injury to hemp by grasshopper.', 'Image type:', 'Field', 'Host:', 'hemp/marijuana (sativa) (Cannabis sativa L)']"
https://www.ipmimages.org/image.cfm?imgnum=5556168,"['Image Number: 5556168', 'differential grasshopper (Melanoplus differentialis) (Thomas, 1865)', 'Photographer:', 'Whitney Cranshaw', 'Organization:', 'Colorado State University', 'Descriptor:', 'Damage', 'Description:', 'Defoliation injury to hemp by differential grasshopper.', 'Image type:', 'Field', 'Host:', 'hemp/marijuana (sativa) (Cannabis sativa L)']"
https://www.ipmimages.org/image.cfm?imgnum=5556169,"['Image Number: 5556169', 'differential grasshopper (Melanoplus differentialis) (Thomas, 1865)', 'Photographer:', 'Whitney Cranshaw', 'Organization:', 'Colorado State University', 'Descriptor:', 'Damage', 'Description:', 'Stem breakage resulting from gnawing injury by differential grasshopper.', 'Image type:', 'Field', 'Host:', 'hemp/marijuana (sativa) (Cannabis sativa L)']"
https://www.ipmimages.org/image.cfm?imgnum=5556170,"['Image Number: 5556170', 'pale legume bug (Lygus elisus) Van Duzee', 'Photographer:', 'Whitney Cranshaw', 'Organization:', 'Colorado State University', 'Descriptor:', 'Adult(s)', 'Description:', 'Adult on hemp.', 'Image type:', 'Field', 'Host:', 'hemp/marijuana (sativa) (Cannabis sativa L)']"
https://www.ipmimages.org/image.cfm?imgnum=5556171,"['Image Number: 5556171', 'western tarnished plant bug (Lygus hesperus) Knight', 'Photographer:', 'Whitney Cranshaw', 'Organization:', 'Colorado State University', 'Descriptor:', 'Adult(s)', 'Description:', 'Adult on hemp.', 'Image type:', 'Field', 'Host:', 'hemp/marijuana (sativa) (Cannabis sativa L)']"
https://www.ipmimages.org/image.cfm?imgnum=5556172,"['Image Number: 5556172', 'seed bugs (Nysius sp.) Dallas, 1852', 'Photographer:', 'Whitney Cranshaw', 'Organization:', 'Colorado State University', 'Descriptor:', 'Adult(s)', 'Description:', 'Adults on hemp.', 'Image type:', 'Field', 'Host:', 'hemp/marijuana (sativa) (Cannabis sativa L)']"
https://www.ipmimages.org/image.cfm?imgnum=5556173,"['Image Number: 5556173', 'Eurasian hemp borer (Grapholita delineana) (Walker)', 'Photographer:', 'Whitney Cranshaw', 'Organization:', 'Colorado State University', 'Descriptor:', 'Larva(e)', 'Description:', 'Late stage larva exposed within stem.', 'Image type:', 'Field', 'Host:', 'hemp/marijuana (sativa) (Cannabis sativa L)']"
https://www.ipmimages.org/image.cfm?imgnum=5560003,"['Image Number: 5560003', 'yellow woollybear (Spilosoma virginica) (Fabricius, 1798)', 'Photographer:', 'Whitney Cranshaw', 'Organization:', 'Colorado State University', 'Descriptor:', 'Larva(e)', 'Description:', 'Larva collected on hemp.', 'Image type:', 'Field', 'Host:', 'hemp/marijuana (sativa) (Cannabis sativa L)']"
https://www.ipmimages.org/image.cfm?imgnum=5569063,"['Image Number: 5569063', 'spotted cucumber beetle (Diabrotica undecimpunctata) Mannerheim, 1843', 'Photographer:', 'Whitney Cranshaw', 'Organization:', 'Colorado State University', 'Descriptor:', 'Adult(s)', 'Description:', 'Adult feeding on seed head of hemp', 'Image type:', 'Field', 'Host:', 'hemp/marijuana (sativa) (Cannabis sativa L)']"
https://www.ipmimages.org/image.cfm?imgnum=5569064,"['Image Number: 5569064', 'saltmarsh caterpillar (Estigmene acrea) (Drury, 1773)', 'Photographer:', 'Whitney Cranshaw', 'Organization:', 'Colorado State University', 'Descriptor:', 'Larva(e)', 'Description:', 'Larva on hemp leaf', 'Image type:', 'Field', 'Host:', 'hemp/marijuana (sativa) (Cannabis sativa L)']"
https://www.ipmimages.org/image.cfm?imgnum=5569065,"['Image Number: 5569065', 'saltmarsh caterpillar (Estigmene acrea) (Drury, 1773)', 'Photographer:', 'Whitney Cranshaw', 'Organization:', 'Colorado State University', 'Descriptor:', 'Larva(e)', 'Description:', 'Larva on hemp leaf', 'Image type:', 'Field', 'Host:', 'hemp/marijuana (sativa) (Cannabis sativa L)']"
https://www.ipmimages.org/image.cfm?imgnum=5569066,"['Image Number: 5569066', 'differential grasshopper (Melanoplus differentialis) (Thomas, 1865)', 'Photographer:', 'Whitney Cranshaw', 'Organization:', 'Colorado State University', 'Descriptor:', 'Adult(s)', 'Description:', 'Adult on hemp', 'Image type:', 'Field', 'Host:', 'hemp/marijuana (sativa) (Cannabis sativa L)']"
https://www.ipmimages.org/image.cfm?imgnum=5569068,"['Image Number: 5569068', 'spur-throated grasshoppers (Melanoplus sp.) Stal 1873', 'Photographer:', 'Whitney Cranshaw', 'Organization:', 'Colorado State University', 'Descriptor:', 'Damage', 'Description:', 'Stem injuries to hemp produced by grasshopper feeding.', 'Image type:', 'Field', 'Host:', 'hemp/marijuana (sativa) (Cannabis sativa L)']"
https://www.ipmimages.org/image.cfm?imgnum=5569069,"['Image Number: 5569069', 'spur-throated grasshoppers (Melanoplus sp.) Stal 1873', 'Photographer:', 'Whitney Cranshaw', 'Organization:', 'Colorado State University', 'Descriptor:', 'Damage', 'Description:', 'Stem injuries to hemp produced by grasshopper feeding', 'Image type:', 'Field', 'Host:', 'hemp/marijuana (sativa) (Cannabis sativa L)']"
https://www.ipmimages.org/image.cfm?imgnum=5569070,"['Image Number: 5569070', 'spur-throated grasshoppers (Melanoplus sp.) Stal 1873', 'Photographer:', 'Whitney Cranshaw', 'Organization:', 'Colorado State University', 'Descriptor:', 'Damage', 'Description:', 'Stem injuries to hemp produced by grasshopper feeding', 'Image type:', 'Field', 'Host:', 'hemp/marijuana (sativa) (Cannabis sativa L)']"
https://www.ipmimages.org/image.cfm?imgnum=5569071,"['Image Number: 5569071', 'spur-throated grasshoppers (Melanoplus sp.) Stal 1873', 'Photographer:', 'Whitney Cranshaw', 'Organization:', 'Colorado State University', 'Descriptor:', 'Damage', 'Description:', 'Stem injuries to hemp produced by grasshopper feeding', 'Image type:', 'Field', 'Host:', 'hemp/marijuana (sativa) (Cannabis sativa L)']"
https://www.ipmimages.org/image.cfm?imgnum=5569072,"['Image Number: 5569072', 'picture-winged fly (Physiphora demandata) (Fabricius, 1798)', 'Photographer:', 'Whitney Cranshaw', 'Organization:', 'Colorado State University', 'Descriptor:', 'Adult(s)', 'Description:', 'Feeding; Physiphora demandata and other flies massed at ooze from wound of hemp stem', 'Image type:', 'Field', 'Host:', 'hemp/marijuana (sativa) (Cannabis sativa L)']"
https://www.ipmimages.org/image.cfm?imgnum=5569073,"['Image Number: 5569073', 'picture-winged fly (Physiphora demandata) (Fabricius, 1798)', 'Photographer:', 'Whitney Cranshaw', 'Organization:', 'Colorado State University', 'Descriptor:', 'Adult(s)', 'Description:', 'Feeding; Physiphora demandata and other flies massed at ooze from wound of hemp stem', 'Image type:', 'Field', 'Host:', 'hemp/marijuana (sativa) (Cannabis sativa L)']"
https://www.ipmimages.org/image.cfm?imgnum=5569074,"['Image Number: 5569074', 'seed bugs (Nysius sp.) Dallas, 1852', 'Photographer:', 'Whitney Cranshaw', 'Organization:', 'Colorado State University', 'Descriptor:', 'Adult(s)', 'Description:', 'Adults massed on maturing seed head of hemp', 'Image type:', 'Field', 'Host:', 'hemp/marijuana (sativa) (Cannabis sativa L)']"
https://www.ipmimages.org/image.cfm?imgnum=5569078,"['Image Number: 5569078', 'zebra caterpillar (Melanchra picta) (Harris)', 'Photographer:', 'Whitney Cranshaw', 'Organization:', 'Colorado State University', 'Descriptor:', 'Larva(e)', 'Description:', 'Larva feeding on hemp leaves', 'Image type:', 'Field', 'Host:', 'hemp/marijuana (sativa) (Cannabis sativa L)']"
https://www.ipmimages.org/image.cfm?imgnum=5569080,"['Image Number: 5569080', 'zebra caterpillar (Melanchra picta) (Harris)', 'Photographer:', 'Whitney Cranshaw', 'Organization:', 'Colorado State University', 'Descriptor:', 'Larva(e)', 'Description:', 'Larva feeding on hemp leaves', 'Image type:', 'Field', 'Host:', 'hemp/marijuana (sativa) (Cannabis sativa L)']"
https://www.ipmimages.org/image.cfm?imgnum=5569081,"['Image Number: 5569081', 'zebra caterpillar (Melanchra picta) (Harris)', 'Photographer:', 'Whitney Cranshaw', 'Organization:', 'Colorado State University', 'Descriptor:', 'Larva(e)', 'Description:', 'Larva feeding on hemp flowers', 'Image type:', 'Field', 'Host:', 'hemp/marijuana (sativa) (Cannabis sativa L)']"
https://www.ipmimages.org/image.cfm?imgnum=5569082,"['Image Number: 5569082', 'zebra caterpillar (Melanchra picta) (Harris)', 'Photographer:', 'Whitney Cranshaw', 'Organization:', 'Colorado State University', 'Descriptor:', 'Larva(e)', 'Description:', 'Small mass of larvae feeding on hemp leaves', 'Image type:', 'Field', 'Host:', 'hemp/marijuana (sativa) (Cannabis sativa L)']"
https://www.ipmimages.org/image.cfm?imgnum=5572728,"['Image Number: 5572728', 'Eurasian hemp borer (Grapholita delineana) (Walker)', 'Photographer:', 'Whitney Cranshaw', 'Organization:', 'Colorado State University', 'Descriptor:', 'Larva(e)', 'Description:', 'Larva and associated tunneling', 'Image type:', 'Field', 'Host:', 'hemp/marijuana (sativa) (Cannabis sativa L)']"
https://www.ipmimages.org/image.cfm?imgnum=5572729,"['Image Number: 5572729', 'Eurasian hemp borer (Grapholita delineana) (Walker)', 'Photographer:', 'Whitney Cranshaw', 'Organization:', 'Colorado State University', 'Descriptor:', 'Larva(e)', 'Description:', 'Late stage larva nearing pupation', 'Image type:', 'Field', 'Host:', 'hemp/marijuana (sativa) (Cannabis sativa L)']"
https://www.ipmimages.org/image.cfm?imgnum=5572730,"['Image Number: 5572730', 'Eurasian hemp borer (Grapholita delineana) (Walker)', 'Photographer:', 'Whitney Cranshaw', 'Organization:', 'Colorado State University', 'Descriptor:', 'Larva(e)', 'Description:', 'Late stage larva nearing pupation', 'Image type:', 'Field', 'Host:', 'hemp/marijuana (sativa) (Cannabis sativa L)']"
https://www.ipmimages.org/image.cfm?imgnum=5572731,"['Image Number: 5572731', 'Eurasian hemp borer (Grapholita delineana) (Walker)', 'Photographer:', 'Whitney Cranshaw', 'Organization:', 'Colorado State University', 'Descriptor:', 'Sign', 'Description:', 'Frass produced near entry point in hemp stem', 'Image type:', 'Field', 'Host:', 'hemp/marijuana (sativa) (Cannabis sativa L)']"
https://www.ipmimages.org/image.cfm?imgnum=5572732,"['Image Number: 5572732', 'Eurasian hemp borer (Grapholita delineana) (Walker)', 'Photographer:', 'Whitney Cranshaw', 'Organization:', 'Colorado State University', 'Descriptor:', 'Sign', 'Description:', 'Stem swelling and extruded frass symptomatic of Eurasian hemp borer  ', 'Image type:', 'Field', 'Host:', 'hemp/marijuana (sativa) (Cannabis sativa L)']"
https://www.ipmimages.org/image.cfm?imgnum=5572733,"['Image Number: 5572733', 'Eurasian hemp borer (Grapholita delineana) (Walker)', 'Photographer:', 'Whitney Cranshaw', 'Organization:', 'Colorado State University', 'Descriptor:', 'Sign', 'Description:', 'Close-up of extruded frass', 'Image type:', 'Field', 'Host:', 'hemp/marijuana (sativa) (Cannabis sativa L)']"
https://www.ipmimages.org/image.cfm?imgnum=5573404,"['Image Number: 5573404', 'planthoppers (Melanoliarus sp.) Fennah 1945', 'Photographer:', 'Whitney Cranshaw', 'Organization:', 'Colorado State University', 'Descriptor:', 'Adult(s)', 'Description:', 'A commonly collected species on hemp in eastern Colorado.', 'Image type:', 'Field', 'Host:', 'hemp/marijuana (sativa) (Cannabis sativa L)']"
https://www.ipmimages.org/image.cfm?imgnum=5574597,"['Image Number: 5574597', 'Eurasian hemp borer (Grapholita delineana) (Walker)', 'Photographer:', 'Whitney Cranshaw', 'Organization:', 'Colorado State University', 'Descriptor:', 'Damage', 'Description:', 'Leaf wilting symptom associated with larval tunneling by Eurasian hemp borer', 'Image type:', 'Field', 'Host:', 'hemp/marijuana (sativa) (Cannabis sativa L)']"
https://www.ipmimages.org/image.cfm?imgnum=5574598,"['Image Number: 5574598', 'Eurasian hemp borer (Grapholita delineana) (Walker)', 'Photographer:', 'Whitney Cranshaw', 'Organization:', 'Colorado State University', 'Descriptor:', 'Damage', 'Description:', 'Leaf wilting symptom associated with larval tunneling by Eurasian hemp borer', 'Image type:', 'Field', 'Host:', 'hemp/marijuana (sativa) (Cannabis sativa L)']"
https://www.ipmimages.org/image.cfm?imgnum=5574599,"['Image Number: 5574599', 'Eurasian hemp borer (Grapholita delineana) (Walker)', 'Photographer:', 'Whitney Cranshaw', 'Organization:', 'Colorado State University', 'Descriptor:', 'Damage', 'Description:', 'Leaf wilting symptom associated with larval tunneling by Eurasian hemp borer', 'Image type:', 'Field', 'Host:', 'hemp/marijuana (sativa) (Cannabis sativa L)']"
https://www.ipmimages.org/image.cfm?imgnum=5574600,"['Image Number: 5574600', 'Eurasian hemp borer (Grapholita delineana) (Walker)', 'Photographer:', 'Whitney Cranshaw', 'Organization:', 'Colorado State University', 'Descriptor:', 'Damage', 'Description:', 'Leaf wilting symptom associated with larval tunneling by Eurasian hemp borer', 'Image type:', 'Field', 'Host:', 'hemp/marijuana (sativa) (Cannabis sativa L)']"
https://www.ipmimages.org/image.cfm?imgnum=5574601,"['Image Number: 5574601', 'Eurasian hemp borer (Grapholita delineana) (Walker)', 'Photographer:', 'Whitney Cranshaw', 'Organization:', 'Colorado State University', 'Descriptor:', 'Damage', 'Description:', 'Leaf wilting symptom associated with larval tunneling by Eurasian hemp borer', 'Image type:', 'Field', 'Host:', 'hemp/marijuana (sativa) (Cannabis sativa L)']"
https://www.ipmimages.org/image.cfm?imgnum=5574617,"['Image Number: 5574617', 'variegated cutworm (Peridroma saucia) (Hubner)', 'Photographer:', 'Whitney Cranshaw', 'Organization:', 'Colorado State University', 'Descriptor:', 'Larva(e)', 'Description:', 'Listortidns td aad and new ieaves saated ay  variegated cutworm', 'Image type:', 'Field', 'Host:', 'hemp/marijuana (sativa) (Cannabis sativa L)']"
https://www.ipmimages.org/image.cfm?imgnum=5574624,"['Image Number: 5574624', 'Eurasian hemp borer (Grapholita delineana) (Walker)', 'Photographer:', 'Whitney Cranshaw', 'Organization:', 'Colorado State University', 'Descriptor:', 'Larva(e)', 'Description:', 'Larva within stem tunnel at base of bud', 'Image type:', 'Field', 'Host:', 'hemp/marijuana (sativa) (Cannabis sativa L)']"
https://www.ipmimages.org/image.cfm?imgnum=5574625,"['Image Number: 5574625', 'Eurasian hemp borer (Grapholita delineana) (Walker)', 'Photographer:', 'Whitney Cranshaw', 'Organization:', 'Colorado State University', 'Descriptor:', 'Larva(e)', 'Description:', 'Larva within stem tunnel at base of bud', 'Image type:', 'Field', 'Host:', 'hemp/marijuana (sativa) (Cannabis sativa L)']"
https://www.ipmimages.org/image.cfm?imgnum=5574626,"['Image Number: 5574626', 'Eurasian hemp borer (Grapholita delineana) (Walker)', 'Photographer:', 'Whitney Cranshaw', 'Organization:', 'Colorado State University', 'Descriptor:', 'Larva(e)', 'Description:', 'Larva within stem tunnel at base of bud', 'Image type:', 'Field', 'Host:', 'hemp/marijuana (sativa) (Cannabis sativa L)']"
https://www.ipmimages.org/image.cfm?imgnum=5574627,"['Image Number: 5574627', 'Eurasian hemp borer (Grapholita delineana) (Walker)', 'Photographer:', 'Whitney Cranshaw', 'Organization:', 'Colorado State University', 'Descriptor:', 'Damage', 'Description:', 'Bud killed by tunneling of Eurasian hemp borer larva', 'Image type:', 'Field', 'Host:', 'hemp/marijuana (sativa) (Cannabis sativa L)']"
https://www.ipmimages.org/image.cfm?imgnum=5574628,"['Image Number: 5574628', 'Eurasian hemp borer (Grapholita delineana) (Walker)', 'Photographer:', 'Whitney Cranshaw', 'Organization:', 'Colorado State University', 'Descriptor:', 'Damage', 'Description:', 'Bud killed by tunneling of Eurasian hemp borer larva', 'Image type:', 'Field', 'Host:', 'hemp/marijuana (sativa) (Cannabis sativa L)']"
https://www.ipmimages.org/image.cfm?imgnum=5576270,"['Image Number: 5576270', 'Corn earworm (Helicoverpa zea) (Boddie)', 'Photographer:', 'Whitney Cranshaw', 'Organization:', 'Colorado State University', 'Descriptor:', 'Larva(e)', 'Description:', 'Late stage caterpillar resting on the outside of a maturing bud', 'Image type:', 'Field', 'Host:', 'hemp/marijuana (sativa) (Cannabis sativa L)']"
https://www.ipmimages.org/image.cfm?imgnum=5576271,"['Image Number: 5576271', 'Corn earworm (Helicoverpa zea) (Boddie)', 'Photographer:', 'Whitney Cranshaw', 'Organization:', 'Colorado State University', 'Descriptor:', 'Larva(e)', 'Description:', 'Late stage caterpillar feeding on the outside of a maturing bud', 'Image type:', 'Field', 'Host:', 'hemp/marijuana (sativa) (Cannabis sativa L)']"
https://www.ipmimages.org/image.cfm?imgnum=5576272,"['Image Number: 5576272', 'Corn earworm (Helicoverpa zea) (Boddie)', 'Photographer:', 'Whitney Cranshaw', 'Organization:', 'Colorado State University', 'Descriptor:', 'Sign', 'Description:', 'Corn earworm frass collected at the base of a terminal killed by corn earworm', 'Image type:', 'Field', 'Host:', 'hemp/marijuana (sativa) (Cannabis sativa L)']"
https://www.ipmimages.org/image.cfm?imgnum=5576273,"['Image Number: 5576273', 'Corn earworm (Helicoverpa zea) (Boddie)', 'Photographer:', 'Whitney Cranshaw', 'Organization:', 'Colorado State University', 'Descriptor:', 'Damage', 'Description:', 'Heavy damage to buds on a hemp plant', 'Image type:', 'Field', 'Host:', 'hemp/marijuana (sativa) (Cannabis sativa L)']"
https://www.ipmimages.org/image.cfm?imgnum=5576274,"['Image Number: 5576274', 'Corn earworm (Helicoverpa zea) (Boddie)', 'Photographer:', 'Whitney Cranshaw', 'Organization:', 'Colorado State University', 'Descriptor:', 'Damage', 'Description:', 'Light damage to a hemp bud caused by corn earworm', 'Image type:', 'Field', 'Host:', 'hemp/marijuana (sativa) (Cannabis sativa L)']"
https://www.ipmimages.org/image.cfm?imgnum=5576275,"['Image Number: 5576275', 'Corn earworm (Helicoverpa zea) (Boddie)', 'Photographer:', 'Whitney Cranshaw', 'Organization:', 'Colorado State University', 'Descriptor:', 'Damage', 'Description:', 'Bud killed by corn earworm', 'Image type:', 'Field', 'Host:', 'hemp/marijuana (sativa) (Cannabis sativa L)']"
https://www.ipmimages.org/image.cfm?imgnum=5576276,"['Image Number: 5576276', 'Corn earworm (Helicoverpa zea) (Boddie)', 'Photographer:', 'Whitney Cranshaw', 'Organization:', 'Colorado State University', 'Descriptor:', 'Damage', 'Description:', 'Corn earworm caterpillar and associated damage to the bud of a hemp plant', 'Image type:', 'Field', 'Host:', 'hemp/marijuana (sativa) (Cannabis sativa L)']"
https://www.ipmimages.org/image.cfm?imgnum=5576277,"['Image Number: 5576277', 'Corn earworm (Helicoverpa zea) (Boddie)', 'Photographer:', 'Whitney Cranshaw', 'Organization:', 'Colorado State University', 'Descriptor:', 'Damage', 'Description:', 'Damaged terminal bud of a hemp plant caused by corn earworm caterpillar', 'Image type:', 'Field', 'Host:', 'hemp/marijuana (sativa) (Cannabis sativa L)']"
https://www.ipmimages.org/image.cfm?imgnum=5576278,"['Image Number: 5576278', 'Corn earworm (Helicoverpa zea) (Boddie)', 'Photographer:', 'Whitney Cranshaw', 'Organization:', 'Colorado State University', 'Descriptor:', 'Damage', 'Description:', 'Damaged terminal bud of a hemp plant caused by corn earworm caterpillar', 'Image type:', 'Field', 'Host:', 'hemp/marijuana (sativa) (Cannabis sativa L)']"
https://www.ipmimages.org/image.cfm?imgnum=5576279,"['Image Number: 5576279', 'Corn earworm (Helicoverpa zea) (Boddie)', 'Photographer:', 'Whitney Cranshaw', 'Organization:', 'Colorado State University', 'Descriptor:', 'Damage', 'Description:', 'Hemp plant heavily damaged by corn earworm', 'Image type:', 'Field', 'Host:', 'hemp/marijuana (sativa) (Cannabis sativa L)']"
https://www.ipmimages.org/image.cfm?imgnum=5576280,"['Image Number: 5576280', 'Eurasian hemp borer (Grapholita delineana) (Walker)', 'Photographer:', 'Whitney Cranshaw', 'Organization:', 'Colorado State University', 'Descriptor:', 'Adult(s)', 'Description:', 'Two adults exposed within sweep net', 'Image type:', 'Field', 'Host:', 'hemp/marijuana (sativa) (Cannabis sativa L)']"
https://www.ipmimages.org/image.cfm?imgnum=5576281,"['Image Number: 5576281', 'Eurasian hemp borer (Grapholita delineana) (Walker)', 'Photographer:', 'Whitney Cranshaw', 'Organization:', 'Colorado State University', 'Descriptor:', 'Adult(s)', 'Description:', 'Adult showing iridescent coloration', 'Image type:', 'Field', 'Host:', 'hemp/marijuana (sativa) (Cannabis sativa L)']"
https://www.ipmimages.org/image.cfm?imgnum=5576282,"['Image Number: 5576282', 'Eurasian hemp borer (Grapholita delineana) (Walker)', 'Photographer:', 'Whitney Cranshaw', 'Organization:', 'Colorado State University', 'Descriptor:', 'Damage', 'Description:', 'Dead bud resulting from larval tunneling of stem', 'Image type:', 'Field', 'Host:', 'hemp/marijuana (sativa) (Cannabis sativa L)']"
https://www.ipmimages.org/image.cfm?imgnum=5576283,"['Image Number: 5576283', 'Eurasian hemp borer (Grapholita delineana) (Walker)', 'Photographer:', 'Whitney Cranshaw', 'Organization:', 'Colorado State University', 'Descriptor:', 'Damage', 'Description:', 'Dead bud resulting from larval tunneling of stem', 'Image type:', 'Field', 'Host:', 'hemp/marijuana (sativa) (Cannabis sativa L)']"
https://www.ipmimages.org/image.cfm?imgnum=5576284,"['Image Number: 5576284', 'Eurasian hemp borer (Grapholita delineana) (Walker)', 'Photographer:', 'Whitney Cranshaw', 'Organization:', 'Colorado State University', 'Descriptor:', 'Damage', 'Description:', 'Dead buds resulting from larval tunneling of stem', 'Image type:', 'Field', 'Host:', 'hemp/marijuana (sativa) (Cannabis sativa L)']"
https://www.ipmimages.org/image.cfm?imgnum=5576285,"['Image Number: 5576285', 'Eurasian hemp borer (Grapholita delineana) (Walker)', 'Photographer:', 'Whitney Cranshaw', 'Organization:', 'Colorado State University', 'Descriptor:', 'Damage', 'Description:', 'External evidence of stem tunneling by Eurasian hemp borer', 'Image type:', 'Field', 'Host:', 'hemp/marijuana (sativa) (Cannabis sativa L)']"
https://www.ipmimages.org/image.cfm?imgnum=5576286,"['Image Number: 5576286', 'Eurasian hemp borer (Grapholita delineana) (Walker)', 'Photographer:', 'Whitney Cranshaw', 'Organization:', 'Colorado State University', 'Descriptor:', 'Larva(e)', 'Description:', 'Late instar larva exposed within tunnel under base of damaged bud', 'Image type:', 'Field', 'Host:', 'hemp/marijuana (sativa) (Cannabis sativa L)']"
https://www.ipmimages.org/image.cfm?imgnum=5576287,"['Image Number: 5576287', 'Eurasian hemp borer (Grapholita delineana) (Walker)', 'Photographer:', 'Whitney Cranshaw', 'Organization:', 'Colorado State University', 'Descriptor:', 'Larva(e)', 'Description:', 'Late instar larva exposed within tunnel under base of damaged bud', 'Image type:', 'Field', 'Host:', 'hemp/marijuana (sativa) (Cannabis sativa L)']"
https://www.ipmimages.org/image.cfm?imgnum=5576288,"['Image Number: 5576288', 'Eurasian hemp borer (Grapholita delineana) (Walker)', 'Photographer:', 'Whitney Cranshaw', 'Organization:', 'Colorado State University', 'Descriptor:', 'Larva(e)', 'Description:', 'Last instar larva exposed within tunnel under base of damaged bud', 'Image type:', 'Field', 'Host:', 'hemp/marijuana (sativa) (Cannabis sativa L)']"
https://www.ipmimages.org/image.cfm?imgnum=5576289,"['Image Number: 5576289', 'Eurasian hemp borer (Grapholita delineana) (Walker)', 'Photographer:', 'Whitney Cranshaw', 'Organization:', 'Colorado State University', 'Descriptor:', 'Larva(e)', 'Description:', 'Last instar larva exposed within tunnel under base of damaged bud', 'Image type:', 'Field', 'Host:', 'hemp/marijuana (sativa) (Cannabis sativa L)']"
https://www.ipmimages.org/image.cfm?imgnum=5577709,"['Image Number: 5577709', 'lace bugs (Gargaphia sp.) Stål, 1862', 'Photographer:', 'Whitney Cranshaw', 'Organization:', 'Colorado State University', 'Descriptor:', 'Multiple Life Stages', 'Description:', 'Adult lace bug and eggs on the underside of a hemp leaf.  Note: The nymphs failed to establish on the plant.', 'Image type:', 'Field', 'Host:', 'hemp/marijuana (sativa) (Cannabis sativa L)']"
https://www.ipmimages.org/image.cfm?imgnum=5577710,"['Image Number: 5577710', 'lace bugs (Gargaphia sp.) Stål, 1862', 'Photographer:', 'Whitney Cranshaw', 'Organization:', 'Colorado State University', 'Descriptor:', 'Damage', 'Description:', 'Lace bug injury to hemp leaf', 'Image type:', 'Field', 'Host:', 'hemp/marijuana (sativa) (Cannabis sativa L)']"
https://www.ipmimages.org/image.cfm?imgnum=5579660,"['Image Number: 5579660', 'zebra caterpillar (Melanchra picta) (Harris)', 'Photographer:', 'Whitney Cranshaw', 'Organization:', 'Colorado State University', 'Descriptor:', 'Larva(e)', 'Description:', 'Late stage larvae feeding on hemp flowers', 'Image type:', 'Field', 'Host:', 'hemp/marijuana (sativa) (Cannabis sativa L)']"
https://www.ipmimages.org/image.cfm?imgnum=5576305,"['Image Number: 5576305', 'Corn earworm (Helicoverpa zea) (Boddie)', 'Photographer:', 'Whitney Cranshaw', 'Organization:', 'Colorado State University', 'Descriptor:', 'Damage', 'Description:', 'Injury at the base of a bud of hemp that had earlier been cut by a corn earworm caterpillar. Some frass is also present in the photo ', 'Image type:', 'Field', 'Host:', 'hemp/marijuana (sativa) (Cannabis sativa L)']"
